event_id,timestamp,match_minute_label,match_minute,period,type_id,event_type,description,team_id,team,team_abbr,side,x,y,goal_x,goal_y,home_goals,away_goals,attacking_team_id,attacking_team,attacking_abbr,proxy_value,signed_proxy_value,location_danger,score_reason,elapsed_minute
661050370,2026-07-09T19:57:47.718Z,0',0.0,2,79,Coin Toss,Morocco won the coin toss and chose to kick off,43872,Morocco,MAR,away,,,,,0,0,43872,Morocco,MAR,0.0,-0.0,0.0,annotation/no threat,0.0
762181633,2026-07-09T20:00:46.995Z,0',0.0,3,7,Start Time,The referee signals the start of the first period.,,,,,,,,,0,0,,,,0.0,0.0,0.0,annotation/no threat,0.0
835457027,2026-07-09T20:01:49.415Z,2',2.0,3,18,Foul,Neil EL AYNAOUI (Morocco) commits a foul.,43872,Morocco,MAR,away,56.133113,96.56951000000001,,,0,0,43946,France,FRA,0.01069856972,0.01069856972,0.12266226000000002,"foul credited to opponent, boosted near goal",2.0
985562114,2026-07-09T20:04:20.366Z,4',4.0,3,12,Attempt at Goal,Kylian MBAPPE (France) attempts an effort on goal.,43946,France,FRA,home,20.49145,33.96459,31.31431,13.79069,0,0,43946,France,FRA,0.061557695,0.061557695,0.590171,shot weighted by location,4.0
1890065553,2026-07-09T20:04:21.187Z,4',4.0,3,57,Goal Prevention,The goalkeeper of Morocco pulls off a save.,43872,Morocco,MAR,away,0.77066,43.632191999999996,,,0,0,43946,France,FRA,0.04,0.04,0.9845868,save/goal prevention credited to opponent attack,4.0
1002832899,2026-07-09T20:04:35.06Z,4',4.0,3,16,Corner,Ousmane DEMBELE (France) takes a corner kick.,43946,France,FRA,home,0.0,0.0,,,0,0,43946,France,FRA,0.025,0.025,1.0,corner pressure,4.0
1006969858,2026-07-09T20:04:42.988Z,4',4.0,3,12,Attempt at Goal,Dayot UPAMECANO (France) attempts an effort on goal.,43946,France,FRA,home,3.53457,55.452211,51.951481,34.685179999999995,0,0,43946,France,FRA,0.076818887,0.076818887,0.9293086,shot weighted by location,4.0
1914127517,2026-07-09T20:04:43.429Z,4',4.0,3,57,Goal Prevention,The goalkeeper of Morocco pulls off a save.,43872,Morocco,MAR,away,0.51224,51.749436,,,0,0,43946,France,FRA,0.04,0.04,0.9897552,save/goal prevention credited to opponent attack,4.0
1276115974,2026-07-09T20:08:57.022Z,9',9.0,3,18,Foul,Desire DOUE (France) commits a foul.,43946,France,FRA,home,35.11985,21.24644,,,0,0,43872,Morocco,MAR,0.014547266000000001,-0.014547266000000001,0.29760300000000006,"foul credited to opponent, boosted near goal",9.0
1344720899,2026-07-09T20:10:09.074Z,10',10.0,3,12,Attempt at Goal,Desire DOUE (France) attempts an effort on goal.,43946,France,FRA,home,18.309900000000003,26.2944,,,0,0,43946,France,FRA,0.06352109,0.06352109,0.633802,shot weighted by location,10.0
1576945672,2026-07-09T20:13:54.96Z,14',14.0,3,18,Foul,Neil EL AYNAOUI (Morocco) commits a foul.,43872,Morocco,MAR,away,30.713849999999997,40.227019000000006,,,0,0,43946,France,FRA,0.016485906,0.016485906,0.38572300000000004,"foul credited to opponent, boosted near goal",14.0
1675069451,2026-07-09T20:15:16.641Z,15',15.0,3,18,Foul,Lucas DIGNE (France) commits a foul.,43946,France,FRA,home,66.5633,2.55864,,,0,0,43872,Morocco,MAR,0.015287851999999998,-0.015287851999999998,0.33126599999999995,"foul credited to opponent, boosted near goal",15.0
1857241100,2026-07-09T20:18:33.678Z,18',18.0,3,12,Attempt at Goal,Ousmane DEMBELE (France) attempts an effort on goal.,43946,France,FRA,home,6.8653900000000005,56.699164999999994,15.03364,25.26491,0,0,43946,France,FRA,0.073821149,0.073821149,0.8626922,shot weighted by location,18.0
1919311881,2026-07-09T20:19:28.647Z,19',19.0,3,18,Foul,Neil EL AYNAOUI (Morocco) commits a foul.,43872,Morocco,MAR,away,,,,,0,0,43946,France,FRA,0.008,0.008,0.0,"foul credited to opponent, boosted near goal",19.0
1942002701,2026-07-09T20:19:56.801Z,20',20.0,3,12,Attempt at Goal,Ousmane DEMBELE (France) attempts an effort on goal.,43946,France,FRA,home,17.04437,71.96925,,,0,0,43946,France,FRA,0.064660067,0.064660067,0.6591126,shot weighted by location,20.0
2006258693,2026-07-09T20:21:00.545Z,21',21.0,3,16,Corner,Michael OLISE (France) takes a corner kick.,43946,France,FRA,home,0.17698,98.61698,,,0,0,43946,France,FRA,0.025,0.025,0.9964604,corner pressure,21.0
2011004938,2026-07-09T20:21:04.869Z,21',21.0,3,12,Attempt at Goal,Adrien RABIOT (France) attempts an effort on goal.,43946,France,FRA,home,7.9673,41.417936,,,0,0,43946,France,FRA,0.07282943,0.07282943,0.840654,shot weighted by location,21.0
55117835,2026-07-09T20:24:10.735Z,24',24.0,3,16,Corner,Achraf HAKIMI (Morocco) takes a corner kick.,43872,Morocco,MAR,away,99.36025000000001,1.41683,,,0,0,43872,Morocco,MAR,0.025,-0.025,0.9872050000000001,corner pressure,24.0
135208973,2026-07-09T20:25:17.742Z,25',25.0,3,18,Foul,Noussair MAZRAOUI (Morocco) commits a foul.,43872,Morocco,MAR,away,9.00365,29.61107,,,0,0,43946,France,FRA,0.026038394,0.026038394,0.819927,"foul credited to opponent, boosted near goal",25.0
321960968,2026-07-09T20:28:31.355Z,28',28.0,3,12,Attempt at Goal,Kylian MBAPPE (France) attempts an effort on goal.,43946,France,FRA,home,10.31061,49.961549649999995,60.0508,2.102198,0,0,43946,France,FRA,0.070720451,0.070720451,0.7937878,shot weighted by location,28.0
321977358,2026-07-09T20:28:31.355Z,28',28.0,3,6,Penalty Awarded,,43946,France,FRA,home,10.31061,49.961549649999995,,,0,0,43946,France,FRA,0.085,0.085,0.7937878,penalty awarded,28.0
371328010,2026-07-09T20:29:18.995Z,29',29.0,3,83,Delay,Match paused for a hydration break,,,,,,,,,0,0,,,,0.0,0.0,0.0,annotation/no threat,29.0
574810121,2026-07-09T20:32:41.383Z,32',32.0,3,78,Resume,Match resumed after interruption,,,,,,,,,0,0,,,,0.0,0.0,0.0,annotation/no threat,32.0
590290955,2026-07-09T20:32:54.178Z,33',33.0,3,12,Attempt at Goal,Ousmane DEMBELE (France) attempts an effort on goal.,43946,France,FRA,home,16.86907,66.48475,17.09844,34.22115,0,0,43946,France,FRA,0.064817837,0.064817837,0.6626186000000001,shot weighted by location,33.0
757357585,2026-07-09T20:35:36.961Z,35',35.0,3,12,Attempt at Goal,Desire DOUE (France) attempts an effort on goal.,43946,France,FRA,home,13.807720000000002,42.193096000000004,44.381269,2.102198,0,0,43946,France,FRA,0.067573052,0.067573052,0.7238456,shot weighted by location,35.0
1664651451,2026-07-09T20:35:37.361Z,35',35.0,3,57,Goal Prevention,The goalkeeper of Morocco pulls off a save.,43872,Morocco,MAR,away,4.15948,46.488206,,,0,0,43946,France,FRA,0.04,0.04,0.9168104,save/goal prevention credited to opponent attack,35.0
801131536,2026-07-09T20:36:21.285Z,36',36.0,3,16,Corner,Michael OLISE (France) takes a corner kick.,43946,France,FRA,home,0.0,0.0,,,0,0,43946,France,FRA,0.025,0.025,1.0,corner pressure,36.0
806999050,2026-07-09T20:36:22.746Z,36',36.0,3,12,Attempt at Goal,Jules KOUNDE (France) attempts an effort on goal.,43946,France,FRA,home,8.32341,46.584798,77.43627,2.102198,0,0,43946,France,FRA,0.072508931,0.072508931,0.8335318,shot weighted by location,36.0
916258830,2026-07-09T20:38:03.947Z,38',38.0,3,18,Foul,Neil EL AYNAOUI (Morocco) commits a foul.,43872,Morocco,MAR,away,38.67139,56.34249,,,0,0,43946,France,FRA,0.0129845884,0.0129845884,0.2265722,"foul credited to opponent, boosted near goal",38.0
969268240,2026-07-09T20:38:55.279Z,39',39.0,3,18,Foul,William SALIBA (France) commits a foul.,43946,France,FRA,home,34.41301,49.3547972,,,0,0,43872,Morocco,MAR,0.0148582756,-0.0148582756,0.3117398,"foul credited to opponent, boosted near goal",39.0
1165716498,2026-07-09T20:42:04.027Z,42',42.0,3,18,Foul,Dayot UPAMECANO (France) commits a foul.,43946,France,FRA,home,72.45144,94.21591000000001,,,0,0,43872,Morocco,MAR,0.017878633600000002,-0.017878633600000002,0.4490288000000001,"foul credited to opponent, boosted near goal",42.0
1189619731,2026-07-09T20:42:29.052Z,42',42.0,3,18,Foul,Azzedine OUNAHI (Morocco) commits a foul.,43872,Morocco,MAR,away,85.45762,90.64836,,,0,0,43946,France,FRA,0.023601352800000003,0.023601352800000003,0.7091524000000001,"foul credited to opponent, boosted near goal",42.0
1438647319,2026-07-09T20:46:42.466Z,45'+1',46.0,3,12,Attempt at Goal,Manu KONE (France) attempts an effort on goal.,43946,France,FRA,home,20.820050000000002,66.09456,,,0,0,43946,France,FRA,0.061261955,0.061261955,0.583599,shot weighted by location,46.0
1449067544,2026-07-09T20:46:50.814Z,45'+2',47.0,3,12,Attempt at Goal,Michael OLISE (France) attempts an effort on goal.,43946,France,FRA,home,14.34703,64.59817,,,0,0,43946,France,FRA,0.067087673,0.067087673,0.7130594,shot weighted by location,47.0
1458356249,2026-07-09T20:46:57.34Z,45'+2',47.0,3,12,Attempt at Goal,Lucas DIGNE (France) attempts an effort on goal.,43946,France,FRA,home,26.32061,28.009719999999998,41.816766,47.97018,0,0,43946,France,FRA,0.056311451,0.056311451,0.4735878,shot weighted by location,47.0
1529795607,2026-07-09T20:48:03.526Z,45'+3',48.0,3,18,Foul,Desire DOUE (France) commits a foul.,43946,France,FRA,home,7.51456,17.420740000000002,,,0,0,43872,Morocco,MAR,0.0266935936,-0.0266935936,0.8497087999999999,"foul credited to opponent, boosted near goal",48.0
1617671194,2026-07-09T20:49:34.432Z,45'+4',49.0,3,18,Foul,Adrien RABIOT (France) commits a foul.,43946,France,FRA,home,,,,,0,0,43872,Morocco,MAR,0.008,-0.008,0.0,"foul credited to opponent, boosted near goal",49.0
1672291355,2026-07-09T20:50:29.212Z,45'+5',50.0,3,12,Attempt at Goal,Achraf HAKIMI (Morocco) attempts an effort on goal.,43872,Morocco,MAR,away,82.41731,21.97441,80.54133,38.58607,0,0,43872,Morocco,MAR,0.064175579,-0.064175579,0.6483462,shot weighted by location,50.0
1693289485,2026-07-09T20:50:53.688Z,45'+6',51.0,3,8,End Time,The referee brings the first period to an end.,,,,,,,,,0,0,,,,0.0,0.0,0.0,annotation/no threat,51.0
681437212,2026-07-09T21:09:22.415Z,45',45.0,5,7,Start Time,The referee signals the start of the second period.,,,,,,,,,0,0,,,,0.0,0.0,0.0,annotation/no threat,51.0
821371918,2026-07-09T21:11:36.438Z,48',48.0,5,12,Attempt at Goal,Brahim DIAZ (Morocco) attempts an effort on goal.,43872,Morocco,MAR,away,18.31883,54.99159,,,0,0,43872,Morocco,MAR,0.063513053,-0.063513053,0.6336234000000001,shot weighted by location,54.0
1098107933,2026-07-09T21:16:07.209Z,52',52.0,5,16,Corner,Achraf HAKIMI (Morocco) takes a corner kick.,43872,Morocco,MAR,away,0.0,0.0,,,0,0,43872,Morocco,MAR,0.025,-0.025,1.0,corner pressure,58.0
1239286815,2026-07-09T21:18:18.66Z,54',54.0,5,18,Foul,Ayyoub BOUADDI (Morocco) commits a foul.,43872,Morocco,MAR,away,35.085899999999995,16.17764,,,0,0,43946,France,FRA,0.014562204,0.014562204,0.29828200000000005,"foul credited to opponent, boosted near goal",60.0
1266796569,2026-07-09T21:18:50.792Z,55',55.0,5,12,Attempt at Goal,Desire DOUE (France) attempts an effort on goal.,43946,France,FRA,home,83.91703,73.13637,54.341719,7.349841,0,0,43946,France,FRA,0.065525327,0.065525327,0.6783406,shot weighted by location,61.0
24898640,2026-07-09T21:18:51.513Z,55',55.0,5,57,Goal Prevention,The goalkeeper of Morocco pulls off a save.,43872,Morocco,MAR,away,97.98894,51.883333,,,0,0,43946,France,FRA,0.04,0.04,0.9597788,save/goal prevention credited to opponent attack,61.0
1327906842,2026-07-09T21:19:49.391Z,56',56.0,5,12,Attempt at Goal,Kylian MBAPPE (France) attempts an effort on goal.,43946,France,FRA,home,89.81069000000001,57.73648300000001,,,0,0,43946,France,FRA,0.07082962100000001,0.07082962100000001,0.7962138000000002,shot weighted by location,62.0
1477287963,2026-07-09T21:22:14.417Z,58',58.0,5,18,Foul,Jules KOUNDE (France) commits a foul.,43946,France,FRA,home,,,,,0,0,43872,Morocco,MAR,0.008,-0.008,0.0,"foul credited to opponent, boosted near goal",64.0
1617361959,2026-07-09T21:23:37.499Z,60',60.0,5,1,Assist,Assisted by Desire DOUE.,43946,France,FRA,home,78.57072000000001,65.91954,,,0,0,43946,France,FRA,0.0,0.0,0.5714144000000001,annotation/no threat,66.0
1565672483,2026-07-09T21:23:39.861Z,60',60.0,5,12,Attempt at Goal,Kylian MBAPPE (France) attempts an effort on goal.,43946,France,FRA,home,85.15897,63.07302,68.77995999999999,25.064239999999998,0,0,43946,France,FRA,0.066643073,0.066643073,0.7031794,shot weighted by location,66.0
1565672485,2026-07-09T21:23:39.861Z,60',60.0,5,0,Goal!,Kylian MBAPPE (France) scores!!,43946,France,FRA,home,85.15897,63.07302,68.77995999999999,25.064239999999998,1,0,43946,France,FRA,0.1,0.1,0.7031794,goal,66.0
1684474922,2026-07-09T21:25:24.415Z,62',62.0,5,5,Substitution,Sofyan AMRABAT (in) comes off the bench to replace Ayyoub BOUADDI (out) (Morocco),43872,Morocco,MAR,away,,,,,1,0,43872,Morocco,MAR,0.0,-0.0,0.0,annotation/no threat,68.0
1684474923,2026-07-09T21:25:24.415Z,62',62.0,5,5,Substitution,Soufiane RAHIMI (in) comes off the bench to replace Bilal EL KHANNOUSS (out) (Morocco),43872,Morocco,MAR,away,,,,,1,0,43872,Morocco,MAR,0.0,-0.0,0.0,annotation/no threat,68.0
1774618642,2026-07-09T21:26:51.713Z,63',63.0,5,2,Yellow card,Issa DIOP (Morocco) is booked by the referee.,43872,Morocco,MAR,away,50.6081728,80.87811,,,1,0,43872,Morocco,MAR,0.0,-0.0,0.012163456000000017,annotation/no threat,69.0
1949261879,2026-07-09T21:29:37.498Z,66',66.0,5,1,Assist,Assisted by Kylian MBAPPE.,43946,France,FRA,home,58.839959,44.980531,,,1,0,43946,France,FRA,0.0,0.0,0.17679918000000006,annotation/no threat,72.0
1935648813,2026-07-09T21:29:42.343Z,66',66.0,5,12,Attempt at Goal,Ousmane DEMBELE (France) attempts an effort on goal.,43946,France,FRA,home,81.51299,48.963284,63.68296,2.102198,1,0,43946,France,FRA,0.063361691,0.063361691,0.6302598,shot weighted by location,72.0
1935648815,2026-07-09T21:29:42.343Z,66',66.0,5,0,Goal!,Ousmane DEMBELE (France) scores!!,43946,France,FRA,home,81.51299,48.963284,63.68296,2.102198,2,0,43946,France,FRA,0.1,0.1,0.6302598,goal,72.0
692139565,2026-07-09T21:29:42.844Z,66',66.0,5,57,Goal Prevention,The goalkeeper of Morocco pulls off a save.,43872,Morocco,MAR,away,95.17904,46.351035,,,2,0,43946,France,FRA,0.04,0.04,0.9035808000000001,save/goal prevention credited to opponent attack,72.0
2033716255,2026-07-09T21:31:22.817Z,67',67.0,5,83,Delay,Match paused for a hydration break,,,,,,,,,2,0,,,,0.0,0.0,0.0,annotation/no threat,73.0
83622970,2026-07-09T21:34:32.415Z,71',71.0,5,5,Substitution,Warren ZAIRE-EMERY (in) comes off the bench to replace Manu KONE (out) (France),43946,France,FRA,home,,,,,2,0,43946,France,FRA,0.0,0.0,0.0,annotation/no threat,77.0
92690464,2026-07-09T21:34:44.81Z,71',71.0,5,78,Resume,Match resumed after interruption,,,,,,,,,2,0,,,,0.0,0.0,0.0,annotation/no threat,77.0
248906811,2026-07-09T21:37:17.918Z,73',73.0,5,16,Corner,Achraf HAKIMI (Morocco) takes a corner kick.,43872,Morocco,MAR,away,0.41663000000000006,98.99622000000001,,,2,0,43872,Morocco,MAR,0.025,-0.025,0.9916674,corner pressure,79.0
282951740,2026-07-09T21:37:31.242Z,74',74.0,5,5,Substitution,Zakaria EL OUAHDI (in) comes off the bench to replace Anass SALAH EDDINE (out) (Morocco),43872,Morocco,MAR,away,,,,,2,0,43872,Morocco,MAR,0.0,-0.0,0.0,annotation/no threat,80.0
282951741,2026-07-09T21:37:31.242Z,74',74.0,5,5,Substitution,Gessime YASSINE (in) comes off the bench to replace Brahim DIAZ (out) (Morocco),43872,Morocco,MAR,away,,,,,2,0,43872,Morocco,MAR,0.0,-0.0,0.0,annotation/no threat,80.0
316597297,2026-07-09T21:38:09.89Z,74',74.0,5,18,Foul,Gessime YASSINE (Morocco) commits a foul.,43872,Morocco,MAR,away,51.362463999999996,97.13807,,,2,0,43946,France,FRA,0.008599484159999999,0.008599484159999999,0.02724927999999993,"foul credited to opponent, boosted near goal",80.0
492545087,2026-07-09T21:41:06.415Z,77',77.0,5,5,Substitution,Jean-Philippe MATETA (in) comes off the bench to replace Kylian MBAPPE (out) (France),43946,France,FRA,home,,,,,2,0,43946,France,FRA,0.0,0.0,0.0,annotation/no threat,83.0
492545088,2026-07-09T21:41:06.415Z,77',77.0,5,5,Substitution,Bradley BARCOLA (in) comes off the bench to replace Desire DOUE (out) (France),43946,France,FRA,home,,,,,2,0,43946,France,FRA,0.0,0.0,0.0,annotation/no threat,83.0
574729238,2026-07-09T21:42:26.587Z,79',79.0,5,18,Foul,Warren ZAIRE-EMERY (France) commits a foul.,43946,France,FRA,home,58.377283999999996,65.24765000000001,,,2,0,43872,Morocco,MAR,0.011686004959999998,-0.011686004959999998,0.16754567999999992,"foul credited to opponent, boosted near goal",85.0
660952098,2026-07-09T21:43:58.118Z,80',80.0,5,16,Corner,Ousmane DEMBELE (France) takes a corner kick.,43946,France,FRA,home,100.0,0.0,,,2,0,43946,France,FRA,0.025,0.025,1.0,corner pressure,86.0
777063460,2026-07-09T21:45:36.016Z,82',82.0,5,18,Foul,Jules KOUNDE (France) commits a foul.,43946,France,FRA,home,3.90865,4.50034,,,2,0,43872,Morocco,MAR,0.028280193999999998,-0.028280193999999998,0.921827,"foul credited to opponent, boosted near goal",88.0
825475126,2026-07-09T21:46:28.108Z,83',83.0,5,18,Foul,Adrien RABIOT (France) commits a foul.,43946,France,FRA,home,21.51188,27.666809999999998,,,2,0,43872,Morocco,MAR,0.020534772799999997,-0.020534772799999997,0.5697623999999999,"foul credited to opponent, boosted near goal",89.0
859294757,2026-07-09T21:47:09.509Z,83',83.0,5,12,Attempt at Goal,Azzedine OUNAHI (Morocco) attempts an effort on goal.,43872,Morocco,MAR,away,21.79356,44.24306,42.842987,8.314288,2,0,43872,Morocco,MAR,0.060385796000000005,-0.060385796000000005,0.5641288,shot weighted by location,89.0
1765489487,2026-07-09T21:47:10.39Z,83',83.0,5,57,Goal Prevention,The goalkeeper of France pulls off a save.,43946,France,FRA,home,0.98874,47.709211,,,2,0,43872,Morocco,MAR,0.04,-0.04,0.9802252,save/goal prevention credited to opponent attack,89.0
925102148,2026-07-09T21:48:14.634Z,84',84.0,5,16,Corner,Achraf HAKIMI (Morocco) takes a corner kick.,43872,Morocco,MAR,away,0.0,0.0,,,2,0,43872,Morocco,MAR,0.025,-0.025,1.0,corner pressure,90.0
928534583,2026-07-09T21:48:15.675Z,84',84.0,5,12,Attempt at Goal,Neil EL AYNAOUI (Morocco) attempts an effort on goal.,43872,Morocco,MAR,away,3.5308399999999995,37.03224,31.997189999999996,25.78903,2,0,43872,Morocco,MAR,0.076822244,-0.076822244,0.9293832,shot weighted by location,90.0
947806236,2026-07-09T21:48:31.465Z,85',85.0,5,5,Substitution,Amine SBAI (in) comes off the bench to replace Chemsdine TALBI (out) (Morocco),43872,Morocco,MAR,away,,,,,2,0,43872,Morocco,MAR,0.0,-0.0,0.0,annotation/no threat,91.0
1028057117,2026-07-09T21:49:55.475Z,86',86.0,5,12,Attempt at Goal,Michael OLISE (France) attempts an effort on goal.,43946,France,FRA,home,88.81313,35.48426,20.502950000000002,36.819449999999996,2,0,43946,France,FRA,0.06993181700000001,0.06993181700000001,0.7762626,shot weighted by location,92.0
1056278598,2026-07-09T21:50:24.415Z,87',87.0,5,5,Substitution,Malo GUSTO (in) comes off the bench to replace Jules KOUNDE (out) (France),43946,France,FRA,home,,,,,2,0,43946,France,FRA,0.0,0.0,0.0,annotation/no threat,93.0
1115599943,2026-07-09T21:51:21.521Z,87',87.0,5,12,Attempt at Goal,Bradley BARCOLA (France) attempts an effort on goal.,43946,France,FRA,home,90.26859,68.22292,35.10022,2.895802,2,0,43946,France,FRA,0.071241731,0.071241731,0.8053718000000001,shot weighted by location,93.0
2022922166,2026-07-09T21:51:22.002Z,87',87.0,5,57,Goal Prevention,The goalkeeper of Morocco pulls off a save.,43872,Morocco,MAR,away,98.26077,57.458124,,,2,0,43946,France,FRA,0.04,0.04,0.9652153999999998,save/goal prevention credited to opponent attack,93.0
1154418719,2026-07-09T21:52:00.9Z,88',88.0,5,16,Corner,Ousmane DEMBELE (France) takes a corner kick.,43946,France,FRA,home,99.75272,98.20352,,,2,0,43946,France,FRA,0.025,0.025,0.9950543999999999,corner pressure,94.0
1156986919,2026-07-09T21:52:02.402Z,88',88.0,5,12,Attempt at Goal,Jean-Philippe MATETA (France) attempts an effort on goal.,43946,France,FRA,home,95.04351,48.81711,64.87228,88.00458,2,0,43946,France,FRA,0.075539159,0.075539159,0.9008702,shot weighted by location,94.0
1289383994,2026-07-09T21:54:00.019Z,90',90.0,5,18,Foul,Achraf HAKIMI (Morocco) commits a foul.,43872,Morocco,MAR,away,40.226221,96.65787,,,2,0,43946,France,FRA,0.012300462759999999,0.012300462759999999,0.19547557999999998,"foul credited to opponent, boosted near goal",96.0
1392837692,2026-07-09T21:55:51.831Z,90'+2',92.0,5,16,Corner,Amine SBAI (Morocco) takes a corner kick.,43872,Morocco,MAR,away,0.0,0.0,,,2,0,43872,Morocco,MAR,0.025,-0.025,1.0,corner pressure,98.0
1470743613,2026-07-09T21:57:06.314Z,90'+3',93.0,5,18,Foul,Amine SBAI (Morocco) commits a foul.,43872,Morocco,MAR,away,,,,,2,0,43946,France,FRA,0.008,0.008,0.0,"foul credited to opponent, boosted near goal",99.0
1484528714,2026-07-09T21:57:11.931Z,90'+3',93.0,5,18,Foul,Zakaria EL OUAHDI (Morocco) commits a foul.,43872,Morocco,MAR,away,35.33597,2.12358,,,2,0,43946,France,FRA,0.014452173199999998,0.014452173199999998,0.2932805999999999,"foul credited to opponent, boosted near goal",99.0
1515732043,2026-07-09T21:57:52.171Z,90'+4',94.0,5,12,Attempt at Goal,Jean-Philippe MATETA (France) attempts an effort on goal.,43946,France,FRA,home,85.96719,44.119177,51.29497200000001,2.102198,2,0,43946,France,FRA,0.06737047100000002,0.06737047100000002,0.7193438000000001,shot weighted by location,100.0
275176608,2026-07-09T21:57:52.632Z,90'+4',94.0,5,57,Goal Prevention,The goalkeeper of Morocco pulls off a save.,43872,Morocco,MAR,away,92.46769,46.831239000000004,,,2,0,43946,France,FRA,0.04,0.04,0.8493538,save/goal prevention credited to opponent attack,100.0
1562387498,2026-07-09T21:58:36.055Z,90'+5',95.0,5,12,Attempt at Goal,Gessime YASSINE (Morocco) attempts an effort on goal.,43872,Morocco,MAR,away,44.086111,77.81123,,,2,0,43872,Morocco,MAR,0.040322500100000006,-0.040322500100000006,0.11827778,shot weighted by location,101.0
1623862349,2026-07-09T21:59:34.634Z,90'+6',96.0,5,18,Foul,Amine SBAI (Morocco) commits a foul.,43872,Morocco,MAR,away,20.89596,5.0225100000000005,,,2,0,43946,France,FRA,0.0208057776,0.0208057776,0.5820808,"foul credited to opponent, boosted near goal",102.0
1672188990,2026-07-09T22:00:25.304Z,90'+7',97.0,5,12,Attempt at Goal,Michael OLISE (France) attempts an effort on goal.,43946,France,FRA,home,80.45696,57.9233,53.056747,86.71925999999999,2,0,43946,France,FRA,0.062411263999999994,0.062411263999999994,0.6091391999999999,shot weighted by location,103.0
1679512614,2026-07-09T22:00:34.346Z,90'+7',97.0,5,8,End Time,The referee brings the second period to an end.,,,,,,,,,2,0,,,,0.0,0.0,0.0,annotation/no threat,103.0
1721236543,2026-07-09T22:01:14.705Z,97',97.0,10,26,Match end,The final whistle sounds.,,,,,,,,,2,0,,,,0.0,0.0,0.0,annotation/no threat,97.0
