minute,home_recent_value,away_recent_value,raw_momentum,momentum,momentum_smoothed,is_hydration_break
0.0,0.0,0.0,0.0,0.0,0.0,False
0.25,0.0,0.0,0.0,0.0,0.0,False
0.5,0.0,0.0,0.0,0.0,0.0,False
0.75,0.0,0.0,0.0,0.0,0.0,False
1.0,0.0,0.0,0.0,0.0,0.0,False
1.25,0.0,0.0,0.0,0.0,0.0,False
1.5,0.0,0.0,0.0,0.0,0.0,False
1.75,0.0,0.0,0.0,0.0,0.0,False
2.0,0.0,0.0,0.0,0.0,-4.585800987283315,False
2.25,0.0,0.0,0.0,0.0,-9.17160197456663,False
2.5,0.0,0.0,0.0,0.0,-13.757402961849944,False
2.75,0.0,0.0,0.0,0.0,-18.34320394913326,False
3.0,0.0,0.070510193,-0.070510193,-41.27220888554984,-21.78255468959575,False
3.25,0.0,0.070510193,-0.070510193,-41.27220888554984,-25.221905430058232,False
3.5,0.0,0.070510193,-0.070510193,-41.27220888554984,-28.66125617052072,False
3.75,0.0,0.070510193,-0.070510193,-41.27220888554984,-32.1006069109832,False
4.0,0.0,0.05288264475,-0.05288264475,-30.954156664162376,-35.00810799670138,False
4.25,0.0,0.05288264475,-0.05288264475,-30.954156664162376,-33.32980809513624,False
4.5,0.0,0.05288264475,-0.05288264475,-30.954156664162376,-31.651508193571097,False
4.75,0.0,0.05288264475,-0.05288264475,-30.954156664162376,-29.973208292005957,False
5.0,0.0,0.04470505006,-0.04470505006,-26.167509771463568,-26.99480799560086,False
5.25,0.0,0.04470505006,-0.04470505006,-26.167509771463568,-25.162857946016587,False
5.5,0.0,0.04470505006,-0.04470505006,-26.167509771463568,-23.330907896432322,False
5.75,0.0,0.04470505006,-0.04470505006,-26.167509771463568,-21.49895784684805,False
6.0,0.0,0.02471501342,-0.02471501342,-14.46660621790395,-18.36690740242382,False
6.25,0.0,0.02471501342,-0.02471501342,-14.46660621790395,-15.766706612743908,False
6.5,0.0,0.02471501342,-0.02471501342,-14.46660621790395,-13.16650582306399,False
6.75,0.0,0.02471501342,-0.02471501342,-14.46660621790395,-10.566305033384076,False
7.0,0.0,0.004724976780000001,-0.004724976780000001,-2.7657026643443263,-3.0265141733919063,False
7.25,0.0,0.004724976780000001,-0.004724976780000001,-2.7657026643443263,3.2131762917603046,False
7.5,0.0,0.004724976780000001,-0.004724976780000001,-2.7657026643443263,9.452866756912515,False
7.75,0.0,0.004724976780000001,-0.004724976780000001,-2.7657026643443263,15.692557222064725,False
8.0,0.073587482,0.0023624883900000004,0.07122499361,41.69060796846595,22.515348337240216,False
8.25,0.073587482,0.0023624883900000004,0.07122499361,41.69060796846595,28.03803905757575,False
8.5,0.073587482,0.0023624883900000004,0.07122499361,41.69060796846595,33.56072977791129,False
8.75,0.073587482,0.0023624883900000004,0.07122499361,41.69060796846595,39.08342049824682,False
9.0,0.08019061150000001,0.0,0.08019061150000001,46.93851381867548,43.00314236736472,False
9.25,0.08019061150000001,0.0,0.08019061150000001,46.93851381867548,41.98327416617036,False
9.5,0.08019061150000001,0.0,0.08019061150000001,46.93851381867548,40.963405964976005,False
9.75,0.08019061150000001,0.0,0.08019061150000001,46.93851381867548,39.94353776378164,False
10.0,0.055543741,0.0,0.055543741,32.51179415771673,38.201736355551304,False
10.25,0.055543741,0.0,0.055543741,32.51179415771673,35.876834297297684,False
10.5,0.055543741,0.0,0.055543741,32.51179415771673,33.55193223904407,False
10.75,0.055543741,0.0,0.055543741,32.51179415771673,31.22703018079045,False
11.0,0.0444434665,0.0,0.0444434665,26.014395294392916,27.078900360273778,False
11.25,0.0444434665,0.0,0.0444434665,26.014395294392916,24.533739390974745,False
11.5,0.0444434665,0.0,0.0444434665,26.014395294392916,21.98857842167571,False
11.75,0.0444434665,0.0,0.0444434665,26.014395294392916,19.44341745237668,False
12.0,0.016409947,0.0,0.016409947,9.60534543402543,16.271513701387875,False
12.25,0.016409947,0.0,0.016409947,9.60534543402543,13.821543157435046,False
12.5,0.016409947,0.0,0.016409947,9.60534543402543,11.371572613482218,False
12.75,0.016409947,0.0,0.016409947,9.60534543402543,8.921602069529392,False
13.0,0.006773297999999999,0.0,0.006773297999999999,3.9646603988174713,6.2513726145311495,False
13.25,0.006773297999999999,0.0,0.006773297999999999,3.9646603988174713,5.4043709217959615,False
13.5,0.006773297999999999,0.0,0.006773297999999999,3.9646603988174713,4.557369229060773,False
13.75,0.006773297999999999,0.0,0.006773297999999999,3.9646603988174713,3.7103675363255846,False
14.0,0.0033866489999999994,0.0,0.0033866489999999994,1.9823301994087357,2.6431069325449807,False
14.25,0.0033866489999999994,0.0,0.0033866489999999994,1.9823301994087357,2.2025891104541504,False
14.5,0.0033866489999999994,0.0,0.0033866489999999994,1.9823301994087357,1.7620712883633205,False
14.75,0.0033866489999999994,0.0,0.0033866489999999994,1.9823301994087357,1.3215534662724906,False
15.0,0.0,0.0,0.0,0.0,2.506971126759092,False
15.25,0.0,0.0,0.0,0.0,3.912647698291109,False
15.5,0.0,0.0,0.0,0.0,5.318324269823126,False
15.75,0.0,0.0,0.0,0.0,6.724000841355144,False
16.0,0.025,0.0,0.025,14.63341934319689,7.723193542242803,False
16.25,0.025,0.0,0.025,14.63341934319689,8.942645154175876,False
16.5,0.025,0.0,0.025,14.63341934319689,10.162096766108952,False
16.75,0.025,0.0,0.025,14.63341934319689,11.381548378042025,False
17.0,0.018750000000000003,0.0,0.018750000000000003,10.975064507397668,12.194516119330741,False
17.25,0.018750000000000003,0.0,0.018750000000000003,10.975064507397668,11.381548378042025,False
17.5,0.018750000000000003,0.0,0.018750000000000003,10.975064507397668,10.568580636753309,False
17.75,0.018750000000000003,0.0,0.018750000000000003,10.975064507397668,9.755612895464592,False
18.0,0.0125,0.0,0.0125,7.316709671598445,8.53616128353152,False
18.25,0.0125,0.0,0.0125,7.316709671598445,7.723193542242803,False
18.5,0.0125,0.0,0.0125,7.316709671598445,6.910225800954087,False
18.75,0.0125,0.0,0.0125,7.316709671598445,6.0972580596653705,False
19.0,0.00625,0.0,0.00625,3.6583548357992224,4.877806447732296,False
19.25,0.00625,0.0,0.00625,3.6583548357992224,4.06483870644358,False
19.5,0.00625,0.0,0.00625,3.6583548357992224,3.2518709651548643,False
19.75,0.00625,0.0,0.00625,3.6583548357992224,2.438903223866148,False
20.0,0.0,0.0,0.0,0.0,6.407083252704046,False
20.25,0.0,0.0,0.0,0.0,10.781747152186304,False
20.5,0.0,0.0,0.0,0.0,15.15641105166856,False
20.75,0.0,0.0,0.0,0.0,19.531074951150813,False
21.0,0.073513799,0.0,0.073513799,43.030329931139526,22.710451908101415,False
21.25,0.073513799,0.0,0.073513799,43.030329931139526,26.29631273569638,False
21.5,0.073513799,0.0,0.073513799,43.030329931139526,29.882173563291342,False
21.75,0.073513799,0.0,0.073513799,43.030329931139526,33.468034390886295,False
22.0,0.05513534925000001,0.0,0.05513534925000001,32.27274744835465,35.16652985237427,False
22.25,0.05513534925000001,0.0,0.05513534925000001,32.27274744835465,32.08387754373561,False
22.5,0.05513534925000001,0.0,0.05513534925000001,32.27274744835465,29.001225235096967,False
22.75,0.05513534925000001,0.0,0.05513534925000001,32.27274744835465,25.918572926458314,False
23.0,0.0511156651,0.025,0.026115665099999998,15.286459153391675,21.1374251563317,False
23.25,0.0511156651,0.025,0.026115665099999998,15.286459153391675,17.55156432873674,False
23.5,0.0511156651,0.025,0.026115665099999998,15.286459153391675,13.965703501141778,False
23.75,0.0511156651,0.025,0.026115665099999998,15.286459153391675,10.379842673546818,False
24.0,0.0,0.0,0.0,0.0,0.0,True
24.25,0.0,0.0,0.0,0.0,0.0,True
24.5,0.0,0.0,0.0,0.0,0.0,True
24.75,0.0,0.0,0.0,0.0,0.0,True
25.0,0.0,0.0,0.0,0.0,0.0,True
25.25,0.0,0.0,0.0,0.0,0.0,True
25.5,0.0,0.0,0.0,0.0,0.0,True
25.75,0.0,0.0,0.0,0.0,0.0,True
26.0,0.0,0.0,0.0,0.0,0.0,True
26.25,0.0,0.0,0.0,0.0,0.0,True
26.5,0.0,0.0,0.0,0.0,0.0,True
26.75,0.0,0.0,0.0,0.0,0.0,True
27.0,0.0,0.0,0.0,0.0,0.0,True
27.25,0.0,0.0,0.0,0.0,10.022647694034085,False
27.5,0.0,0.0,0.0,0.0,15.033971541051123,False
27.75,0.0,0.0,0.0,0.0,20.04529538806817,False
28.0,0.07705293199999999,0.0,0.07705293199999999,45.10191462315338,25.42972375590838,False
28.25,0.07705293199999999,0.0,0.07705293199999999,45.10191462315338,30.814152123748595,False
28.5,0.07705293199999999,0.0,0.07705293199999999,45.10191462315338,36.19858049158881,False
28.75,0.07705293199999999,0.0,0.07705293199999999,45.10191462315338,41.58300885942902,False
29.0,0.082789699,0.0,0.082789699,48.45985531056192,45.308122394870615,False
29.25,0.082789699,0.0,0.082789699,48.45985531056192,44.02191208329517,False
29.5,0.082789699,0.0,0.082789699,48.45985531056192,42.735701771719725,False
29.75,0.082789699,0.0,0.082789699,48.45985531056192,41.44949146014428,False
30.0,0.057276466,0.0,0.057276466,33.52602181897436,40.12990179874764,False
30.25,0.057276466,0.0,0.057276466,33.52602181897436,38.43720761652784,False
30.5,0.057276466,0.0,0.057276466,33.52602181897436,36.74451343430803,False
30.75,0.057276466,0.0,0.057276466,33.52602181897436,35.05181925208823,False
31.0,0.056763233,0.0,0.056763233,33.22560767058368,31.293326366825447,False
31.25,0.056763233,0.0,0.056763233,33.22560767058368,29.194148313961282,False
31.5,0.056763233,0.0,0.056763233,33.22560767058368,27.09497026109712,False
31.75,0.056763233,0.0,0.056763233,33.22560767058368,24.99579220823296,False
32.0,0.025,0.0,0.025,14.63341934319689,22.08364641408008,False
32.25,0.025,0.0,0.025,14.63341934319689,19.204879969748387,False
32.5,0.025,0.0,0.025,14.63341934319689,16.32611352541669,False
32.75,0.025,0.0,0.025,14.63341934319689,13.447347081085002,False
33.0,0.0125,0.0,0.0125,7.316709671598445,11.788032248686383,False
33.25,0.0125,0.0,0.0125,7.316709671598445,12.194516119330741,False
33.5,0.0125,0.0,0.0125,7.316709671598445,12.600999989975099,False
33.75,0.0125,0.0,0.0125,7.316709671598445,13.007483860619455,False
34.0,0.03125,0.0,0.03125,18.29177417899611,16.38134830977017,False
34.25,0.03125,0.0,0.03125,18.29177417899611,20.568180500209603,False
34.5,0.03125,0.0,0.03125,18.29177417899611,24.755012690649032,False
34.75,0.03125,0.0,0.03125,18.29177417899611,28.941844881088464,False
35.0,0.07687574300000001,0.0,0.07687574300000001,44.99819938555332,31.777106120934768,False
35.25,0.07687574300000001,0.0,0.07687574300000001,44.99819938555332,33.392915748848,False
35.5,0.07687574300000001,0.0,0.07687574300000001,44.99819938555332,35.00872537676123,False
35.75,0.07687574300000001,0.0,0.07687574300000001,44.99819938555332,36.624535004674456,False
36.0,0.05609430725,0.0,0.05609430725,32.83406083021518,33.30829267493132,False
36.25,0.05609430725,0.0,0.05609430725,32.83406083021518,27.024669766681825,False
36.5,0.05609430725,0.0,0.05609430725,32.83406083021518,20.741046858432338,False
36.75,0.05609430725,0.0,0.05609430725,32.83406083021518,14.457423950182841,False
37.0,0.051520935100000005,0.071260694,-0.019739758899999994,-11.554406788692114,3.9611787734130184,False
37.25,0.051520935100000005,0.071260694,-0.019739758899999994,-11.554406788692114,-5.183495452763679,False
37.5,0.051520935100000005,0.071260694,-0.019739758899999994,-11.554406788692114,-14.328169678940377,False
37.75,0.051520935100000005,0.071260694,-0.019739758899999994,-11.554406788692114,-23.472843905117074,False
38.0,0.026687483450000004,0.11119952749999999,-0.08451204404999998,-49.468007205375095,-38.2321839973632,False
38.25,0.026687483450000004,0.11119952749999999,-0.08451204404999998,-49.468007205375095,-48.059472131952965,False
38.5,0.026687483450000004,0.11119952749999999,-0.08451204404999998,-49.468007205375095,-57.88676026654274,False
38.75,0.026687483450000004,0.11119952749999999,-0.08451204404999998,-49.468007205375095,-67.7140484011325,False
39.0,0.008104031800000001,0.17894585225,-0.17084182045000001,-100.0,-74.08123790895577,False
39.25,0.008104031800000001,0.17894585225,-0.17084182045000001,-100.0,-76.2358051482587,False
39.5,0.008104031800000001,0.17894585225,-0.17084182045000001,-100.0,-78.39037238756164,False
39.75,0.008104031800000001,0.17894585225,-0.17084182045000001,-100.0,-80.54493962686459,False
40.0,0.004052015900000001,0.12169217700000001,-0.11764016110000002,-68.85911235910153,-79.23940823940103,False
40.25,0.004052015900000001,0.12169217700000001,-0.11764016110000002,-68.85911235910153,-72.31921098586803,False
40.5,0.004052015900000001,0.12169217700000001,-0.11764016110000002,-68.85911235910153,-65.39901373233505,False
40.75,0.004052015900000001,0.12169217700000001,-0.11764016110000002,-68.85911235910153,-58.478816478802045,False
41.0,0.0,0.06443850175,-0.06443850175,-37.71822471820307,-53.93367770228664,False
41.25,0.0,0.06443850175,-0.06443850175,-37.71822471820307,-52.848637552537724,False
41.5,0.0,0.06443850175,-0.06443850175,-37.71822471820307,-51.76359740278881,False
41.75,0.0,0.06443850175,-0.06443850175,-37.71822471820307,-50.6785572530399,False
42.0,0.0,0.10095683999999999,-0.10095683999999999,-59.09375101136133,-46.73257240770899,False
42.25,0.0,0.10095683999999999,-0.10095683999999999,-59.09375101136133,-46.246686189144576,False
42.5,0.0,0.10095683999999999,-0.10095683999999999,-59.09375101136133,-45.760799970580166,False
42.75,0.0,0.10095683999999999,-0.10095683999999999,-59.09375101136133,-45.27491375201575,False
43.0,0.0,0.05696763,-0.05696763,-33.345248751123336,-41.928082837869326,False
43.25,0.0,0.05696763,-0.05696763,-33.345248751123336,-36.206193446705335,False
43.5,0.0,0.05696763,-0.05696763,-33.345248751123336,-30.484304055541333,False
43.75,0.0,0.05696763,-0.05696763,-33.345248751123336,-24.762414664377335,False
44.0,0.025,0.03797842,-0.012978419999999997,-7.596746490885333,-16.586064448275692,False
44.25,0.025,0.03797842,-0.012978419999999997,-7.596746490885333,-11.27065892775605,False
44.5,0.025,0.03797842,-0.012978419999999997,-7.596746490885333,-5.955253407236408,False
44.75,0.025,0.03797842,-0.012978419999999997,-7.596746490885333,-0.639847886716765,False
45.0,0.043750000000000004,0.01898921,0.024760790000000005,14.493400933553445,5.097599105518729,False
45.25,0.043750000000000004,0.01898921,0.024760790000000005,14.493400933553445,7.974101402172222,False
45.5,0.043750000000000004,0.01898921,0.024760790000000005,14.493400933553445,10.850603698825715,False
45.75,0.043750000000000004,0.01898921,0.024760790000000005,14.493400933553445,13.727105995479212,False
46.0,0.03125,0.0,0.03125,18.29177417899611,20.433313444399477,False
46.25,0.03125,0.0,0.03125,18.29177417899611,24.6850600683821,False
46.5,0.03125,0.0,0.03125,18.29177417899611,28.936806692364726,False
46.75,0.03125,0.0,0.03125,18.29177417899611,33.18855331634735,False
47.0,0.090134642,0.0,0.090134642,52.75912054939707,35.46666397565238,False
47.25,0.090134642,0.0,0.090134642,52.75912054939707,37.32273316324157,False
47.5,0.090134642,0.0,0.090134642,52.75912054939707,39.17880235083076,False
47.75,0.090134642,0.0,0.090134642,52.75912054939707,41.03487153841994,False
48.0,0.0597884815,0.0,0.0597884815,34.99639686729878,41.323788631975894,False
48.25,0.0597884815,0.0,0.0597884815,34.99639686729878,37.78300057326508,False
48.5,0.0597884815,0.0,0.0597884815,34.99639686729878,34.24221251455426,False
48.75,0.0597884815,0.0,0.0597884815,34.99639686729878,30.701424455843444,False
49.0,0.035692321,0.0,0.035692321,20.8920280209997,25.99996817374375,False
49.25,0.035692321,0.0,0.035692321,20.8920280209997,23.272147856321645,False
49.5,0.035692321,0.0,0.035692321,20.8920280209997,20.54432753889954,False
49.75,0.035692321,0.0,0.035692321,20.8920280209997,17.81650722147744,False
50.0,0.0178461605,0.0,0.0178461605,10.44601401049985,14.57839287369744,False
50.25,0.0178461605,0.0,0.0178461605,10.44601401049985,12.907430619950667,False
50.5,0.0178461605,0.0,0.0178461605,10.44601401049985,11.236468366203896,False
50.75,0.0178461605,0.0,0.0178461605,10.44601401049985,9.565506112457124,False
51.0,0.01,0.0,0.01,5.853367737278756,9.02254307747541,False
51.25,0.01,0.0,0.01,5.853367737278756,9.640248265882567,False
51.5,0.01,0.0,0.01,5.853367737278756,10.257953454289723,False
51.75,0.01,0.0,0.01,5.853367737278756,10.875658642696878,False
52.0,0.027343849599999998,0.0,0.027343849599999998,16.00536070616426,11.008122091090591,False
52.25,0.027343849599999998,0.0,0.027343849599999998,16.00536070616426,11.650879569842207,False
52.5,0.027343849599999998,0.0,0.027343849599999998,16.00536070616426,12.293637048593817,False
52.75,0.027343849599999998,0.0,0.027343849599999998,16.00536070616426,12.936394527345431,False
53.0,0.019882887199999998,0.0,0.019882887199999998,11.63818504604327,13.0939102660836,False
53.25,0.019882887199999998,0.0,0.019882887199999998,11.63818504604327,12.123426786056715,False
53.5,0.019882887199999998,0.0,0.019882887199999998,11.63818504604327,11.15294330602983,False
53.75,0.019882887199999998,0.0,0.019882887199999998,11.63818504604327,10.182459826002944,False
54.0,0.0124219248,0.0,0.0124219248,7.2710093859222855,10.352670088540046,False
54.25,0.0124219248,0.0,0.0124219248,7.2710093859222855,11.008122091090591,False
54.5,0.0124219248,0.0,0.0124219248,7.2710093859222855,11.663574093641138,False
54.75,0.0124219248,0.0,0.0124219248,7.2710093859222855,12.319026096191685,False
55.0,0.0299609624,0.0,0.0299609624,17.537253068998186,11.725046681917394,False
55.25,0.0299609624,0.0,0.0299609624,17.537253068998186,11.616309007656547,False
55.5,0.0299609624,0.0,0.0299609624,17.537253068998186,11.5075713333957,False
55.75,0.0299609624,0.0,0.0299609624,17.537253068998186,11.398833659134855,False
56.0,0.018750000000000003,0.008,0.010750000000000003,6.2923703175746635,14.72346999787415,False
56.25,0.018750000000000003,0.008,0.010750000000000003,6.2923703175746635,16.90741259404946,False
56.5,0.018750000000000003,0.008,0.010750000000000003,6.2923703175746635,19.091355190224768,False
56.75,0.018750000000000003,0.008,0.010750000000000003,6.2923703175746635,21.275297786400074,False
57.0,0.069540748,0.006,0.063540748,37.192736434575956,22.255385589277644,False
57.25,0.069540748,0.006,0.063540748,37.192736434575956,24.484904808980044,False
57.5,0.069540748,0.006,0.063540748,37.192736434575956,26.714424028682448,False
57.75,0.069540748,0.006,0.063540748,37.192736434575956,28.94394324838485,False
58.0,0.049030561,0.004,0.045030561,26.358043294896294,29.969607674789515,False
58.25,0.049030561,0.004,0.045030561,26.358043294896294,27.561898088194035,False
58.5,0.049030561,0.004,0.045030561,26.358043294896294,25.15418850159855,False
58.75,0.049030561,0.004,0.045030561,26.358043294896294,22.746478915003074,False
59.0,0.028520374,0.002,0.026520374,15.523350155216633,24.341716540557186,False
59.25,0.028520374,0.002,0.026520374,15.523350155216633,27.14080895940904,False
59.5,0.028520374,0.002,0.026520374,15.523350155216633,29.939901378260895,False
59.75,0.028520374,0.002,0.026520374,15.523350155216633,32.73899379711275,False
60.0,0.088068745,0.0,0.088068745,51.549875064562976,33.41056092100428,False
60.25,0.088068745,0.0,0.088068745,51.549875064562976,35.285982838193554,False
60.5,0.088068745,0.0,0.088068745,51.549875064562976,37.161404755382826,False
60.75,0.088068745,0.0,0.088068745,51.549875064562976,39.0368266725721,False
61.0,0.0553564185,0.0,0.0553564185,32.40214740992008,43.046478228068096,False
61.25,0.0553564185,0.0,0.0553564185,32.40214740992008,43.05318257141451,False
61.5,0.0553564185,0.0,0.0553564185,32.40214740992008,43.05988691476091,False
61.75,0.0553564185,0.0,0.0553564185,32.40214740992008,43.066591258107316,False
62.0,0.110425251,0.022253421600000003,0.0881718294,51.61021415468065,38.438142002627224,False
62.25,0.110425251,0.022253421600000003,0.0881718294,51.61021415468065,35.937218042107446,False
62.5,0.110425251,0.022253421600000003,0.0881718294,51.61021415468065,33.436294081587675,False
62.75,0.110425251,0.022253421600000003,0.0881718294,51.61021415468065,30.9353701210679,False
63.0,0.07359286849999999,0.0566900662,0.01690280229999999,9.893831765242108,30.765732285376796,False
63.25,0.07359286849999999,0.0566900662,0.01690280229999999,9.893831765242108,28.46186481137896,False
63.5,0.07359286849999999,0.0566900662,0.01690280229999999,9.893831765242108,26.157997337381122,False
63.75,0.07359286849999999,0.0566900662,0.01690280229999999,9.893831765242108,23.85412986338328,False
64.0,0.093874818,0.0411267108,0.0527481072,30.87540688870012,20.438417099789476,False
64.25,0.093874818,0.0411267108,0.0527481072,30.87540688870012,21.657857935022175,False
64.5,0.093874818,0.0411267108,0.0527481072,30.87540688870012,22.87729877025487,False
64.75,0.093874818,0.0411267108,0.0527481072,30.87540688870012,24.096739605487567,False
65.0,0.06121599200000001,0.0255633554,0.03565263660000001,20.86879928233638,25.852412232878947,False
65.25,0.06121599200000001,0.0255633554,0.03565263660000001,20.86879928233638,25.27679873544166,False
65.5,0.06121599200000001,0.0255633554,0.03565263660000001,20.86879928233638,24.701185238004374,False
65.75,0.06121599200000001,0.0255633554,0.03565263660000001,20.86879928233638,24.125571740567082,False
66.0,0.05389761,0.01,0.04389761,25.694885411764528,22.85967097609703,False
66.25,0.05389761,0.01,0.04389761,25.694885411764528,22.705615501222944,False
66.5,0.05389761,0.01,0.04389761,25.694885411764528,22.551560026348856,False
66.75,0.05389761,0.01,0.04389761,25.694885411764528,22.39750455147477,False
67.0,0.033283916,0.0,0.033283916,19.482300008469615,20.902787616536944,False
67.25,0.033283916,0.0,0.033283916,19.482300008469615,18.87183888944044,False
67.5,0.033283916,0.0,0.033283916,19.482300008469615,16.840890162343932,False
67.75,0.033283916,0.0,0.033283916,19.482300008469615,14.80994143524742,False
68.0,0.012670221999999998,0.0,0.012670221999999998,7.41634686789595,17.180501452824714,False
68.25,0.012670221999999998,0.0,0.012670221999999998,7.41634686789595,20.241348737434777,False
68.5,0.012670221999999998,0.0,0.012670221999999998,7.41634686789595,23.30219602204484,False
68.75,0.012670221999999998,0.0,0.012670221999999998,7.41634686789595,26.3630433066549,False
69.0,0.080346781,0.0,0.080346781,47.02992556996018,27.80848931704818,False
69.25,0.080346781,0.0,0.080346781,47.02992556996018,30.594596787505207,False
69.5,0.080346781,0.0,0.080346781,47.02992556996018,33.38070425796223,False
69.75,0.080346781,0.0,0.080346781,47.02992556996018,36.16681172841925,False
70.0,0.0555087525,0.0,0.0555087525,32.49131410200914,32.794364704784826,False
70.25,0.0555087525,0.0,0.0555087525,32.49131410200914,25.0204089364766,False
70.5,0.0555087525,0.0,0.0555087525,32.49131410200914,17.246453168168372,False
70.75,0.0555087525,0.0,0.0555087525,32.49131410200914,9.472497399860147,False
71.0,0.037005835,0.07618956200000002,-0.039183727000000015,-22.935676344813857,1.7339527503521357,False
71.25,0.037005835,0.07618956200000002,-0.039183727000000015,-22.935676344813857,-4.3891906249390935,False
71.5,0.037005835,0.07618956200000002,-0.039183727000000015,-22.935676344813857,-10.512334000230322,False
71.75,0.037005835,0.07618956200000002,-0.039183727000000015,-22.935676344813857,-16.63547737552155,False
72.0,0.0185029175,0.05714217150000001,-0.03863925400000001,-22.61697627561192,-20.2456233868559,False
72.25,0.0185029175,0.05714217150000001,-0.03863925400000001,-22.61697627561192,-17.697214904098804,False
72.5,0.0185029175,0.05714217150000001,-0.03863925400000001,-22.61697627561192,-15.14880642134171,False
72.75,0.0185029175,0.05714217150000001,-0.03863925400000001,-22.61697627561192,-12.600397938584614,False
73.0,0.0,0.0,0.0,0.0,0.0,True
73.25,0.0,0.0,0.0,0.0,0.0,True
73.5,0.0,0.0,0.0,0.0,0.0,True
73.75,0.0,0.0,0.0,0.0,0.0,True
74.0,0.0,0.0,0.0,0.0,0.0,True
74.25,0.0,0.0,0.0,0.0,0.0,True
74.5,0.0,0.0,0.0,0.0,0.0,True
74.75,0.0,0.0,0.0,0.0,0.0,True
75.0,0.0,0.0,0.0,0.0,0.0,True
75.25,0.0,0.0,0.0,0.0,0.0,True
75.5,0.0,0.0,0.0,0.0,0.0,True
75.75,0.0,0.0,0.0,0.0,0.0,True
76.0,0.0,0.0,0.0,0.0,0.0,True
76.25,0.0,0.0,0.0,0.0,0.0,True
76.5,0.0,0.0,0.0,0.0,0.0,True
76.75,0.0,0.0,0.0,0.0,0.0,True
77.0,0.0,0.0,0.0,0.0,0.0,True
77.25,0.06717752900000001,0.0,0.06717752900000001,39.32147809187081,19.660739045935404,False
77.5,0.06717752900000001,0.0,0.06717752900000001,39.32147809187081,22.93752888692464,False
77.75,0.06717752900000001,0.0,0.06717752900000001,39.32147809187081,26.21431872791387,False
78.0,0.05038314675000001,0.0,0.05038314675000001,29.491108568903105,34.90258721888309,False
78.25,0.05038314675000001,0.0,0.05038314675000001,29.491108568903105,43.590855709852306,False
78.5,0.05038314675000001,0.0,0.05038314675000001,29.491108568903105,47.91007107950255,False
78.75,0.05038314675000001,0.0,0.05038314675000001,29.491108568903105,52.22928644915279,False
79.0,0.1335887645,0.0,0.1335887645,78.19441641872295,53.83030305589585,False
79.25,0.1335887645,0.0,0.1335887645,78.19441641872295,56.52358294296865,False
79.5,0.1335887645,0.0,0.1335887645,78.19441641872295,59.216862830041464,False
79.75,0.1335887645,0.0,0.1335887645,78.19441641872295,61.91014271711427,False
80.0,0.09179438225000001,0.0,0.09179438225000001,53.730627552558374,61.8852238412799,False
80.25,0.09179438225000001,0.0,0.09179438225000001,53.730627552558374,56.448826315465546,False
80.5,0.09179438225000001,0.0,0.09179438225000001,53.730627552558374,51.012428789651196,False
80.75,0.09179438225000001,0.0,0.09179438225000001,53.730627552558374,45.57603126383684,False
81.0,0.05,0.0,0.05,29.26683868639378,38.51369825544506,False
81.25,0.05,0.0,0.05,29.26683868639378,34.169564009960446,False
81.5,0.05,0.0,0.05,29.26683868639378,29.82542976447584,False
81.75,0.05,0.0,0.05,29.26683868639378,25.481295518991228,False
82.0,0.025,0.0,0.025,14.63341934319689,19.51122579092919,False
82.25,0.025,0.0,0.025,14.63341934319689,16.259354825774324,False
82.5,0.025,0.0,0.025,14.63341934319689,13.007483860619459,False
82.75,0.025,0.0,0.025,14.63341934319689,9.755612895464594,False
83.0,0.0,0.0,0.0,0.0,7.154116123340701,False
83.25,0.0,0.0,0.0,0.0,6.178554833794242,False
83.5,0.0,0.0,0.0,0.0,5.202993544247783,False
83.75,0.0,0.0,0.0,0.0,4.2274322547013234,False
84.0,0.01,0.0,0.01,5.853367737278756,3.089277416897121,False
84.25,0.01,0.0,0.01,5.853367737278756,3.5770580616703507,False
84.5,0.01,0.0,0.01,5.853367737278756,4.06483870644358,False
84.75,0.01,0.0,0.01,5.853367737278756,4.552619351216809,False
85.0,0.0075,0.0,0.0075,4.390025802959067,4.877806447732296,False
85.25,0.0075,0.0,0.0075,4.390025802959067,4.55261935121681,False
85.5,0.0075,0.0,0.0075,4.390025802959067,4.2274322547013234,False
85.75,0.0075,0.0,0.0075,4.390025802959067,3.9022451581858366,False
86.0,0.005,0.0,0.005,2.926683868639378,3.4144645134126077,False
86.25,0.005,0.0,0.005,2.926683868639378,3.089277416897121,False
86.5,0.005,0.0,0.005,2.926683868639378,2.764090320381635,False
86.75,0.005,0.0,0.005,2.926683868639378,2.438903223866148,False
87.0,0.0025,0.0,0.0025,1.463341934319689,1.9511225790929185,False
87.25,0.0025,0.0,0.0025,1.463341934319689,1.6259354825774321,False
87.5,0.0025,0.0,0.0025,1.463341934319689,1.3007483860619458,False
87.75,0.0025,0.0,0.0025,1.463341934319689,0.9755612895464593,False
88.0,0.0,0.0,0.0,0.0,0.13007483860619454,False
88.25,0.0,0.0,0.0,0.0,-0.552818064076327,False
88.5,0.0,0.0,0.0,0.0,-1.2357109667588486,False
88.75,0.0,0.0,0.0,0.0,-1.9186038694413705,False
89.0,0.0,0.008,-0.008,-4.682694189823005,-2.471421933517697,False
89.25,0.0,0.008,-0.008,-4.682694189823005,-2.861646449336281,False
89.5,0.0,0.008,-0.008,-4.682694189823005,-3.2518709651548647,False
89.75,0.0,0.008,-0.008,-4.682694189823005,-3.6420954809734485,False
90.0,0.0,0.006,-0.006,-3.5120206423672533,-10.405987088495566,False
90.25,0.0,0.006,-0.006,-3.5120206423672533,-16.649579341592904,False
90.5,0.0,0.006,-0.006,-3.5120206423672533,-22.893171594690244,False
90.75,0.0,0.006,-0.006,-3.5120206423672533,-29.13676384778758,False
91.0,0.0,0.10400000000000001,-0.10400000000000001,-60.875024467699056,-33.624345779701294,False
91.25,0.0,0.10400000000000001,-0.10400000000000001,-60.875024467699056,-38.2420025502212,False
91.5,0.0,0.10400000000000001,-0.10400000000000001,-60.875024467699056,-42.85965932074111,False
91.75,0.0,0.10400000000000001,-0.10400000000000001,-60.875024467699056,-47.477316091261024,False
92.0,0.0,0.07700000000000001,-0.07700000000000001,-45.07093157704642,-51.057821640844814,False
92.25,0.0,0.07700000000000001,-0.07700000000000001,-45.07093157704642,-48.26466009872506,False
92.5,0.0,0.07700000000000001,-0.07700000000000001,-45.07093157704642,-45.47149855660532,False
92.75,0.0,0.07700000000000001,-0.07700000000000001,-45.07093157704642,-42.67833701448557,False
93.0,0.0,0.06105300776,-0.06105300776,-35.73657058862135,-38.079525214726516,False
93.25,0.0,0.06105300776,-0.06105300776,-35.73657058862135,-35.23672373615109,False
93.5,0.0,0.06105300776,-0.06105300776,-35.73657058862135,-32.39392225757566,False
93.75,0.0,0.06105300776,-0.06105300776,-35.73657058862135,-29.551120779000232,False
94.0,0.0,0.03328975582,-0.03328975582,-19.485718269867572,-29.584467016970507,False
94.25,0.0,0.03328975582,-0.03328975582,-19.485718269867572,-30.654964475876895,False
94.5,0.0,0.03328975582,-0.03328975582,-19.485718269867572,-31.725461934783286,False
94.75,0.0,0.03328975582,-0.03328975582,-19.485718269867572,-32.795959393689685,False
95.0,0.0,0.07751272388000002,-0.07751272388000002,-45.37104771877887,-32.51629258398794,False
95.25,0.0,0.07751272388000002,-0.07751272388000002,-45.37104771877887,-34.04227603192551,False
95.5,0.0,0.07751272388000002,-0.07751272388000002,-45.37104771877887,-35.56825947986309,False
95.75,0.0,0.07751272388000002,-0.07751272388000002,-45.37104771877887,-37.09424292780065,False
96.0,0.0,0.056752916940000016,-0.056752916940000016,-33.219569301305704,-38.996402357627645,False
96.25,0.0,0.056752916940000016,-0.056752916940000016,-33.219569301305704,-38.02241407090894,False
96.5,0.0,0.056752916940000016,-0.056752916940000016,-33.219569301305704,-37.048425784190236,False
96.75,0.0,0.056752916940000016,-0.056752916940000016,-33.219569301305704,-36.07443749747153,False
97.0,0.0,0.06253691,-0.06253691,-36.60515313831052,-33.498414654582184,False
97.25,0.0,0.06253691,-0.06253691,-36.60515313831052,-32.27255608030097,False
97.5,0.0,0.06253691,-0.06253691,-36.60515313831052,-31.046697506019754,False
97.75,0.0,0.06253691,-0.06253691,-36.60515313831052,-29.820838931738535,False
98.0,0.0,0.037904405,-0.037904405,-22.186842132774757,-26.992945801286677,False
98.25,0.0,0.037904405,-0.037904405,-22.186842132774757,-23.788876688945397,False
98.5,0.0,0.037904405,-0.037904405,-22.186842132774757,-20.584807576604117,False
98.75,0.0,0.037904405,-0.037904405,-22.186842132774757,-17.380738464262834,False
99.0,0.0,0.0132719,-0.0132719,-7.76853112723899,-12.593408718334171,False
99.25,0.0,0.0132719,-0.0132719,-7.76853112723899,-9.408113528576147,False
99.5,0.0,0.0132719,-0.0132719,-7.76853112723899,-6.222818338818125,False
99.75,0.0,0.0132719,-0.0132719,-7.76853112723899,-3.0375231490601013,False
100.0,0.017707891599999998,0.00663595,0.011071941599999998,6.480814575047451,3.928020209371008,False
100.25,0.017707891599999998,0.00663595,0.011071941599999998,6.480814575047451,9.291529011631477,False
100.5,0.017707891599999998,0.00663595,0.011071941599999998,6.480814575047451,14.655037813891946,False
100.75,0.017707891599999998,0.00663595,0.011071941599999998,6.480814575047451,20.018546616152417,False
101.0,0.0691961447,0.0,0.0691961447,40.503048093105235,25.810926508552207,False
101.25,0.0691961447,0.0,0.0691961447,40.503048093105235,30.020045767364618,False
101.5,0.0691961447,0.0,0.0691961447,40.503048093105235,34.22916502617703,False
101.75,0.0691961447,0.0,0.0691961447,40.503048093105235,38.438284284989436,False
102.0,0.07579036530000001,0.0,0.07579036530000001,44.362887904359134,43.32016495632778,False
102.25,0.07579036530000001,0.0,0.07579036530000001,44.362887904359134,43.6723045642306,False
102.5,0.07579036530000001,0.0,0.07579036530000001,44.362887904359134,44.125055488677084,False
102.75,0.07579036530000001,0.0,0.07579036530000001,44.362887904359134,44.728723387939056,False
103.0,0.0861345859,0.0,0.0861345859,50.41774061709256,45.573858446905824,False
